Kanji,Reading,Meaning,Japanese Example,English Example
ああ,ああ,"Ah!, Oh!",ああ、そうでしたか。,"Ah, is that so?"
会う,あう,"to meet, to see",明日友達に会います。,I will meet my friend tomorrow.
青,あお,blue,空が青いですね。,The sky is blue.
青い,あおい,blue,彼女は青いドレスを着ています。,She is wearing a blue dress.
赤,あか,red,りんごは赤いです。,Apples are red.
赤い,あかい,red,彼の車は赤いです。,His car is red.
明るい,あかるい,bright (in reference to personality or weather); cheerful,彼女は明るい性格です。,She has a bright personality.
秋,あき,fall (season),秋には紅葉が綺麗です。,Autumn leaves are beautiful in the fall.
開く,あく,"to open, to become open",ドアを開いてください。,Please open the door.
開ける,あける,to open (v.t.),窓を開けてください。,Please open the window.
上げる,あげる,"to raise, to lift",手を上げてください。,Please raise your hand.
朝,あさ,morning,朝ごはんを食べましたか。,Did you eat breakfast?
朝御飯,あさごはん,breakfast,今朝の朝御飯はトーストでした。,This morning's breakfast was toast.
明後日,あさって,day after tomorrow,明後日は会議があります。,There is a meeting the day after tomorrow.
足; 脚,あし,foot; leg,足を怪我してしまいました。,I injured my leg.
明日,あした,tomorrow,明日は晴れる予報です。,Tomorrow's weather forecast is sunny.
あそこ,あそこ,"there, over there, that place",あそこに猫がいます。,There is a cat over there.
遊ぶ,あそぶ,to play; to spend time pleasantly; to hang out,友達と公園で遊びました。,I played in the park with my friends.
暖かい,あたたかい,warm,今日は暖かい日です。,Today is a warm day.
頭,あたま,head,頭痛がします。,I have a headache.
新しい,あたらしい,new,新しい靴を買いました。,I bought new shoes.
あちら,あちら,this way (polite),あちらにお座りください。,Please have a seat over there.
暑い,あつい,"hot (in reference to weather), warm",今日は暑いですね。,"It's hot today, isn't it?"
熱い,あつい,hot (objects),お茶が熱いです。,The tea is hot.
厚い,あつい,"kind, warm(hearted), thick, deep",心のあたたかさを大切にしましょう。,Let's cherish the warmth of our hearts.
あっち,あっち,over there,あっちに行こう。,Let's go over there.
後,あと,afterwards (later); in the future; the rest; since then,昼ご飯の後、散歩しましょう。,Let's take a walk after lunch.
あなた,あなた,you,あなたの名前は何ですか。,What is your name?
兄,あに,(my) older brother (humble),私の兄は医者です。,My older brother is a doctor.
姉,あね,(my) older sister (humble),姉はとても親切です。,My older sister is very kind.
アパート,アパート,apartment (abbr.),アパートで一人暮らしをしています。,I live alone in an apartment.
あの,あの,"that over there; like that, that way; um...",あの店にはよく行きます。,I often go to that store.
浴びる,あびる,"to bathe, to shower",シャワーを浴びてから寝ます。,I take a shower before going to bed.
危ない,あぶない,"dangerous, critical",その道は危ないですよ。,That road is dangerous.
甘い,あまい,"generous, sweet",彼女は笑顔がとても甘い。,She has a very sweet smile.
余り,あまり,not very; surplus,お金が余りありません。,I don't have much money left.
雨,あめ,rain,雨が降っています。,It's raining.
飴,あめ,(hard) candy,お祭りで飴を買いました。,I bought candy at the festival.
洗う,あらう,to wash,服を洗って干しました。,I washed and hung up the clothes.
在る,ある,"to be, to have",そこに本が在ります。,There is a book there.
有る,ある,"to be, to have",町には美しい庭が有る。,The town has a beautiful garden.
歩く,あるく,to walk,毎日、公園で歩く。,I walk in the park every day.
あれ,あれ,that one (over there),あれは誰のかばんですか？,Whose bag is that over there?
いい; よい,いい; よい,good,そのレストランの評判がとてもいい。,The reputation of that restaurant is very good.
いいえ,いいえ,"no, not at all",Tシャツはありますか？ いいえ、ありません。,"Do you have T-shirts? No, we don't."
言う,いう,to say,何も言わずに出ました。,I left without saying anything.
家,いえ,"house, home",私の家は町の中心にあります。,My house is located in the center of town.
いかが,いかが,"how, in what way",いかがお過ごしですか？,How are you?
行く,いく; ゆく,to go,明日、友達と映画を見に行きます。,I'm going to see a movie with my friends tomorrow.
いくつ,いくつ,"how many, how old",あなたは何歳ですか？ いくつですか？,How old are you? How many?
いくら,いくら,"how much, how many",この本はいくらですか？,How much is this book?
池,いけ,pond,公園に小さな池があります。,There is a small pond in the park.
医者,いしゃ,doctor; physician,父は医者です。,My father is a doctor.
椅子,いす,chair,この部屋に椅子が二つあります。,There are two chairs in this room.
忙しい,いそがしい,"busy (people, days)",最近、とても忙しいです。,I have been very busy lately.
痛い,いたい,hurt; painful; sore,頭が痛いです。,I have a headache.
一,いち,one,一つの質問があります。,I have one question.
一日,いちにち,one day (duration),一日を楽しく過ごしました。,I had a fun day.
一番,いちばん,"best (most), first, number one",この映画は彼の一番の作品です。,This movie is his best work.
いつ,いつ,when,いつ会いましょうか？,When should we meet?
五日,いつか,five days; fifth day of the month,来月の五日にパーティーをします。,We will have a party on the fifth of next month.
一緒,いっしょ,together,友達と一緒に映画を見ました。,I watched a movie with my friends.
五つ,いつつ,five things,花瓶の中に五つの花があります。,There are five flowers in the vase.
いつも,いつも,"always, usually, every time, never (with neg. verb)",いつもありがとう。,Thank you always.
犬,いぬ,dog,犬と一緒に公園に行きます。,I will go to the park with the dog.
今,いま,now,今は何時ですか？,What time is it now?
意味,いみ,"meaning, significance",この単語の意味を教えてください。,Please tell me the meaning of this word.
妹,いもうと,younger sister (humble),私の妹は学生です。,My younger sister is a student.
嫌,いや,"disagreeable, detestable, unpleasant",その映画は嫌いでした。,I disliked that movie.
入口,いりぐち,entrance,入口はこちらです。,The entrance is this way.
居る,いる,"(humble) to be (animate), to exist",彼はまだここに居る。,He is still here.
要る,いる,to need,これが要りますか？,Do you need this?
入れる,いれる,to put in,砂糖をコーヒーに入れます。,I put sugar in my coffee.
色,いろ,color,青い色が好きです。,I like the color blue.
色々,いろいろ,various,旅行に行って、色々な場所を訪れました。,I visited various places during my trip.
上,うえ,"above (up, top, etc.), over, on top of",机の上に鉛筆があります。,There is a pencil on the desk.
後ろ,うしろ,"back, behind, rear",先生の後ろに座ります。,I will sit behind the teacher.
薄い,うすい,"thin, weak",その服は薄い生地でできています。,That clothing is made of thin fabric.
歌,うた,a song,彼女は美しい歌を歌います。,She sings beautiful songs.
歌う,うたう,to sing,彼はコンサートで歌を歌いました。,He sang a song at the concert.
うち,うち,home; house; my place,家族と一緒にうちで夕食を食べる。,I have dinner with my family at home.
生まれる,うまれる,to be born,私は東京で生まれました。,I was born in Tokyo.
海,うみ,"sea, beach",夏になると海に行きたいです。,I want to go to the beach in summer.
売る,うる,to sell (v.t.),彼は古本をネットで売ります。,He sells used books online.
うるさい,うるさい,noisy; annoying,隣の部屋からうるさい音が聞こえてくる。,I can hear loud noises from the next room.
上着,うわぎ,"coat, jacket",寒い日には上着を着る必要があります。,You need to wear a coat on cold days.
絵,え,a painting; a picture; a drawing,彼女は絵を描くのが上手です。,She is good at drawing pictures.
映画,えいが,"movie, film",週末に映画を見に行きませんか。,Would you like to go see a movie this weekend?
映画館,えいがかん,"movie theater, cinema",その映画館は最新作を上映しています。,The movie theater is showing the latest film.
英語,えいご,English (language),彼は英語が話せます。,He can speak English.
ええ,ええ,yes,はい、それはええアイデアです。,"Yes, that's a good idea."
駅,えき,station,駅で友達と待ち合わせをしました。,I met up with my friend at the station.
エレベーター,エレベーター,elevator,このビルには高速エレベーターが備え付けられています。,This building has high-speed elevators installed.
～円,～えん,Yen,この本は五千円です。,This book costs five thousand yen.
鉛筆,えんぴつ,pencil,デスクの引き出しに鉛筆があります。,There are pencils in the desk drawer.
お～,お～,honorable ~ (honorific),お茶、いかがですか。,Would you like some tea?
美味しい,おいしい,"delicious, tasty",この料理はとても美味しいです。,This dish is very delicious.
多い,おおい,many; there are a lot,東京は人口が多い都市です。,Tokyo is a city with a large population.
大きい,おおきい,"big, large",その建物はとても大きいです。,That building is very large.
大きな,おおきな,big,大きな木が庭に立っています。,There is a big tree standing in the garden.
大勢,おおぜい,great number of people,大勢の人がスタジアムに集まっています。,A large number of people are gathering at the stadium.
お母さん,おかあさん,mother (formal),お母さんは毎日家事をしています。,My mother does housework every day.
お菓子,おかし,"confections, sweets, snack",子供たちがお菓子をたくさん食べました。,The children ate a lot of sweets.
お金,おかね,money,買い物をするためにお金が必要です。,Money is necessary to go shopping.
起きる,おきる,"to get up (e.g., from sleeping); to happen",毎朝、早く起きることが大事です。,It's important to wake up early every morning.
置く,おく,to put; to lay; to place,カバンを机の上に置いてください。,Please put the bag on the desk.
奥さん,おくさん,(someone else's) wife (hon.),奥さんには家庭を守る大切な役割があります。,Wives have an important role in protecting the household.
お酒,おさけ,sake; alcohol,食事と一緒にお酒を飲みます。,I drink alcohol with my meals.
お皿,おさら,"plate, dish",お皿を洗うのは苦手です。,I'm not good at washing dishes.
伯父; 叔父さん,おじさん,"uncle, middle-aged man",伯父は冗談を言うのが得意です。,My uncle is good at making jokes.
おじいさん,おじいさん,"grandfather, male senior citizen",おじいさんは毎朝散歩に出かけます。,Grandpa goes for a walk every morning.
教える,おしえる,"to teach, to inform, to instruct",先生は生徒に新しいことを教えました。,The teacher taught the students something new.
押す,おす,"to push, to press, to stamp (e.g., a passport)",ドアを押してください。,Please push the door.
遅い,おそい,slow; (to be) late,友達が遅いので待っています。,I'm waiting because my friend is late.
お茶,おちゃ,(green) tea,毎日お茶を飲む習慣があります。,I have a habit of drinking tea every day.
お手洗い,おてあらい,"toilet, restroom, bathroom (lit., a place to wash one's hands)",お手洗いは入り口の横にあります。,The restroom is located next to the entrance.
お父さん,おとうさん,father (formal),お父さんは仕事から帰ってきました。,Dad has come back from work.
弟,おとうと,younger brother,弟と一緒に遊ぶのが楽しいです。,It's fun to play with my younger brother.
男,おとこ,"man, male",男性も料理が得意な人が増えています。,There are more men who are good at cooking.
男の子,おとこのこ,boy,公園で男の子たちがサッカーをしています。,The boys are playing soccer in the park.
一昨日,おととい,the day before yesterday,一昨日は友達と遊んだ。,I played with my friend the day before yesterday.
おととし,おととし,year before last,おととしの夏はとても暑かった。,The summer of the year before last was very hot.
大人,おとな,adult,大人になると責任が増える。,"When you become an adult, responsibilities increase."
お腹,おなか,stomach,お腹が空いたので何か食べたい。,I'm hungry so I want to eat something.
同じ,おなじ,"same, identical",この二つは同じ色です。,These two are the same color.
お兄さん,おにいさん,(someone else's) older brother (formal),彼女にはお兄さんが一人います。,She has one older brother.
お姉さん,おねえさん,older sister (formal),お姉さんは医者です。,The older sister is a doctor.
伯母さん; 叔母さん,おばさん,aunt,伯母さんに会いに行きます。,I'm going to visit my aunt.
おばあさん,おばあさん,"grandmother, female senior-citizen",おばあさんはとても親切です。,Grandma is very kind.
お風呂,おふろ,a bath,お風呂に入ってリラックスする。,I relax by taking a bath.
お弁当,おべんとう,a boxed lunch,母がお弁当を作ってくれた。,Mom made me a boxed lunch.
覚える,おぼえる,"to learn, to commit to memory, to remember, to memorize",新しい言葉を覚えるのは難しい。,It's difficult to memorize new words.
おまわりさん,おまわりさん,policeman (friendly term),おまわりさんに助けを求める。,Ask the police officer for help.
重い,おもい,heavy; serious,その荷物はとても重いです。,That luggage is very heavy.
面白い,おもしろい,"interesting, amusing",その映画はとても面白かった。,That movie was very interesting.
泳ぐ,およぐ,to swim,プールで泳ぐのが好きです。,I like to swim in the pool.
降りる,おりる,to get off,次の駅で電車から降ります。,I will get off the train at the next station.
終る,おわる,"to finish, to close",授業が終ったらすぐ帰ります。,I will go home right after the class ends.
音楽,おんがく,Music,音楽を聴くのが好きです。,I like listening to music.
女,おんな,"woman, female",女性は社会で大切な存在だ。,Women are important in society.
女の子,おんなのこ,girl,公園で可愛い女の子に会った。,I met a cute girl at the park.
～回,～かい,counter for occurrences (~ times),今日、図書館に二回行きました。,I went to the library twice today.
～階,～かい,counter for stories (floors) of a building,建物の十階に住んでいます。,I live on the tenth floor of the building.
外国,がいこく,foreign country; abroad,外国に旅行するのが楽しみだ。,I'm looking forward to traveling abroad.
外国人,がいこくじん,foreigner,外国人と交流する経験が大切だ。,Interacting with foreigners is important.
会社,かいしゃ,"company, corporation",会社で新しいプロジェクトを始める。,I will start a new project at the company.
階段,かいだん,stairs,階段を上って２階に行きます。,I will go up the stairs to the second floor.
買い物,かいもの,shopping,週末に買い物に行く予定です。,I plan to go shopping on the weekend.
買う,かう,to buy,明日、新しい本を買います。,I will buy a new book tomorrow.
返す,かえす,to return something,借りた本を図書館に返す。,Return the borrowed book to the library.
帰る,かえる,"to go back, to go home, to return",夕方になったので家に帰ります。,"It's evening, so I will go home."
顔,かお,face (body part),彼女の顔はとても可愛い。,Her face is very cute.
かかる,かかる,"it takes (amount of time, money) (v.i.)",新しいビジネスが始まるまで時間がかかる。,It takes time for the new business to start.
鍵,かぎ,a lock; a key,鍵をなくしてしまいました。,I lost the key.
書く,かく,to write,手紙を書くのが好きです。,I like writing letters.
学生,がくせい,student,彼女は専門学校の学生です。,She is a student at a vocational school.
～か月,～かげつ,(number of) months,彼と付き合って三か月になります。,It has been three months since I started dating him.
掛ける,かける,"to put on (e.g., glasses); to hang (e.g., on a wall)",壁に絵を掛ける。,Hang a picture on the wall.
かける,かける,"to dial/call (e.g., phone); to sit down",電話で彼にかける。,Call him on the phone.
傘,かさ,"umbrella, parasol",雨が降っているので傘を持っていく。,"It's raining, so I'll bring an umbrella."
貸す,かす,to lend,友達にお金を貸す。,Lend money to a friend.
風,かぜ,"wind, breeze",風が心地よい。,The wind feels pleasant.
風邪,かぜ,"cold, flu",風邪を引いて寝ている。,I caught a cold and am resting.
方,かた,-- honorific form for 人 (ひと) --; way of doing,この方が早いです。,This way is faster.
家族,かぞく,"family, members of a family",我が家族はとても仲が良い。,My family gets along very well.
片仮名,かたかな,katakana,日本語で片仮名を練習しています。,I am practicing katakana in Japanese.
～月,～がつ,month of year,5月は誕生日の月です。,May is my birthday month.
学校,がっこう,a school,明日、学校に行きます。,I will go to school tomorrow.
カップ,カップ,cup,カップにお茶を注ぐ。,Pour tea into a cup.
家庭,かてい,home; family,家庭生活を楽しむ。,Enjoy family life.
角,かど,"corner (e.g., desk, pavement)",机の角に本を置いた。,Put a book on the corner of the desk.
かばん,かばん,"bag, basket",かばんに必要なものを入れる。,Put necessary things in the bag.
花瓶,かびん,(flower) vase,花瓶に花を生ける。,Arrange flowers in a vase.
かぶる,かぶる,"to wear, to put on (e.g., a hat on the head)",帽子を頭にかぶる。,Wear a hat on the head.
紙,かみ,paper,紙にメモを取る。,Take notes on paper.
カメラ,カメラ,camera,カメラで写真を撮る。,Take photos with a camera.
火曜日,かようび,Tuesday,火曜日は日本語のクラスがあります。,There is a Japanese class on Tuesday.
辛い,からい,hot and spicy; salty,辛い料理が好きです。,I like spicy food.
体,からだ,body; health,体が元気です。,The body is healthy.
借りる,かりる,"to borrow, to owe",図書館から本を借りる。,Borrow a book from the library.
～がる,～がる,feel,彼は疲れがる。,He seems tired.
軽い,かるい,"light, non-serious, minor",軽い食事が好き。,I like light meals.
カレー,カレー,curry (abbr. for curry and rice),今晩はカレーを作る。,I will make curry tonight.
カレンダー,カレンダー,calendar,新しいカレンダーを買った。,I bought a new calendar.
川; 河,かわ,river,川で釣りをする。,Go fishing in the river.
～側,～がわ,~ side,左側に曲がってください。,Please turn to the left side.
可愛い,かわいい,"cute, adorable",赤ちゃんが可愛い。,The baby is cute.
漢字,かんじ,kanji; Chinese character,漢字を勉強する。,Study kanji characters.
木,き,"tree, wood, timber",森にはたくさんの木がある。,There are many trees in the forest.
黄色,きいろ,yellow,彼女のドレスは黄色だ。,Her dress is yellow.
黄色い,きいろい,yellow,黄色い花が咲いている。,Yellow flowers are blooming.
消える,きえる,"to vanish, to disappear",霧が消えて青空が広がる。,The fog clears and the blue sky expands.
聞く,きく,"to hear, to listen, to ask",先生の話を聞いてください。,Please listen to the teacher's story.
北,きた,north,山の北に友達が住んでいる。,My friend lives to the north of the mountain.
ギター,ギター,guitar,ギターを弾くのが好き。,I like playing the guitar.
汚い,きたない,"dirty, unclean, filthy",道が汚いので掃除する。,Clean the dirty road.
喫茶店,きっさてん,café,人気のある喫茶店に行く。,Go to a popular café.
切手,きって,postal (postage) stamps,切手を貼って手紙を出す。,Put a stamp on the letter and send it.
切符,きっぷ,a ticket,電車の切符を買う。,Buy a train ticket.
昨日,きのう,yesterday,昨日は公園に行った。,I went to the park yesterday.
九,きゅう,nine,9月になると、秋がやってきます。,"When September comes, autumn arrives."
牛肉,ぎゅうにく,beef,日曜日の夜は、牛肉を食べたい。,I want to eat beef on Sunday night.
牛乳,ぎゅうにゅう,milk,毎朝、牛乳を飲んでから仕事に行きます。,I drink milk every morning before going to work.
今日,きょう,"today, this day",今日の天気は晴れです。,The weather today is sunny.
教室,きょうしつ,classroom,教室で日本語を勉強しています。,I am studying Japanese in the classroom.
兄弟,きょうだい,"siblings (humble), brothers and sisters",兄弟で一緒に遊ぶのが楽しい。,Playing together with siblings is fun.
去年,きょねん,last year,去年は日本へ旅行しました。,I traveled to Japan last year.
嫌い,きらい,dislike,彼はスポーツが嫌いです。,He dislikes sports.
切る,きる,to cut; to hang up (a phone),野菜を切るのが上手ですね。,You are good at cutting vegetables.
着る,きる,to put on (clothes above your waist); to wear,明日、かわいい服を着る予定です。,I plan to wear cute clothes tomorrow.
綺麗,きれい,"pretty, clean, tidy",公園には綺麗な花がたくさん咲いていました。,There were many beautiful flowers blooming in the park.
キロ; キログラム,キロ; キログラム,(abbr.) kilo (kilogram),体重をキログラムで計る。,Measure your weight in kilograms.
キロ; キロメートル,キロ; キロメートル,(abbr.) kilo (kilometer),マラソンレースは42キロメートルです。,The marathon race is 42 kilometers.
銀行,ぎんこう,bank,銀行でお金を引き出した。,I withdrew money from the bank.
金曜日,きんようび,Friday,金曜日に友達と映画に行く予定です。,I plan to go to the movies with friends on Friday.
九,く,nine,9月になると、秋がやってきます。,"When September comes, autumn arrives."
薬,くすり,medicine,風邪をひいたら薬を飲むべきです。,You should take medicine if you catch a cold.
下さい,ください,(with te-form verb) please do for me,ご協力をお願いします。,Please cooperate.
果物,くだもの,fruit,夏は新鮮な果物が美味しい。,Fresh fruits are delicious in summer.
口,くち,job opening; mouth,仕事を探している口いいですね。,You have a good job opening for job searching.
靴,くつ,"shoes, footwear",運動靴を買いに行きたいです。,I want to go buy sports shoes.
靴下,くつした,socks,靴下を新しく買いました。,I bought new socks.
国,くに,country; place of origin,日本は美しい国です。,Japan is a beautiful country.
曇り,くもり,"cloudiness, cloudy weather",曇りの日はお家で読書を楽しみます。,I enjoy reading at home on cloudy days.
曇る,くもる,"to become cloudy, to become dim",空が曇ってきた。,The sky has become cloudy.
暗い,くらい,"dark, gloomy",夜道が暗くて怖い。,The dark night road is scary.
～くらい; ぐらい,～くらい; ぐらい,approximate (quantity),3時くらいにお店に着きます。,I will arrive at the store around 3 o'clock.
クラス,クラス,a class,新しいクラスメートと仲良くなりたい。,I want to get along with my new classmates.
グラム,グラム,gram,料理には計量カップとグラム計が必要です。,Cooking requires measuring cups and grams.
来る,くる,to come,友達が今夜遊びに来る。,My friend is coming over to hang out tonight.
車,くるま,"car, vehicle",新しい車を買う計画があります。,I have a plan to buy a new car.
黒,くろ,black,彼の黒い服はかっこいい。,His black clothes are cool.
黒い,くろい,black; dark,黒い猫が庭で遊んでいます。,A black cat is playing in the garden.
警官,けいかん,police officer,警官は交通整理に忙しい。,The police officer is busy directing traffic.
今朝,けさ,this morning,今朝はコーヒーが美味しい。,The coffee is delicious this morning.
消す,けす,"to erase, to delete, to turn off power",電気を消して環境保護しよう。,Let's turn off the lights to protect the environment.
結構,けっこう,"splendid; enough, tolerably",この仕事は結構大変ですが、やりがいがあります。,"This job is quite tough, but it's fulfilling."
結婚,けっこん (する),marriage (get married),彼らは来年結婚する予定です。,They plan to get married next year.
月曜日,げつようび,Monday,毎週月曜日はバスケットボールをする。,I play basketball every Monday.
玄関,げんかん,entrance (to a house or a building),新しい家の玄関は広々としています。,The entrance of the new house is spacious.
元気,げんき,"health(y), energetic",元気な挨拶を交わす。,Exchange energetic greetings.
～個,～こ,"counter for small items (e.g., fruits, cups)",りんごを3個買う。,Buy three apples.
五,ご,five,5人が来ました。,Five people came.
～語,～ご,"word, language",日本語を勉強する。,Study Japanese language.
公園,こうえん,a park,子供たちが公園で遊んでいる。,Children are playing in the park.
交差点,こうさてん,intersection,その交差点は危険だ。,That intersection is dangerous.
紅茶,こうちゃ,black tea,紅茶には砂糖を入れるか？,Do you put sugar in black tea?
交番,こうばん,police box,交番の前で交通事故があった。,There was a traffic accident in front of the police box.
声,こえ,voice,彼の声はとても美しい。,His voice is very beautiful.
コート,コート,"coat; court (e.g., tennis)",冬になるとコートが必要だ。,A coat is necessary in winter.
コーヒー,コーヒー,coffee,毎朝コーヒーを飲む。,I drink coffee every morning.
ここ,ここ,"here, this place",ここが私の家です。,This is my house.
午後,ごご,"afternoon, P.M.",午後に会議があります。,There is a meeting in the afternoon.
九日,ここのか,nine days; ninth day of the month,九日は彼の誕生日です。,The ninth day is his birthday.
九つ,ここのつ,nine things,九つのりんごを買った。,I bought nine apples.
午前,ごぜん,"morning, A.M.",午前中に電話します。,I will call in the morning.
答える,こたえる,"to answer, to reply",その質問に答えてください。,Please answer that question.
こちら,こちら,this person (polite); this way (polite),こちらからどうぞ。,Please come this way.
こっち,こっち,this person; this direction; this side,こっちに来てください。,Please come this way.
コップ,コップ,a tumbler; a glass,コップに水を入れる。,Pour water into the glass.
今年,ことし,this year,今年の夏は暑い。,This summer is hot.
言葉,ことば,language; word(s); expression(s),彼の言葉は心に響いた。,His words resonated with me.
子供,こども,child(ren),公園で子供たちが遊んでいた。,Children were playing in the park.
この,この,this,この本を読んで下さい。,Please read this book.
御飯,ごはん,rice (cooked); meal,御飯はおにぎりにします。,I will make rice balls for the meal.
コピーする,コピーする,to copy,文章をコピーしてください。,Please copy the text.
困る,こまる,"to be bothered, to have difficulty",その問題に困っている。,I am having trouble with that problem.
これ,これ,this one,これを持って行ってください。,Please take this with you.
～ころ; ～ごろ,～ころ; ～ごろ,"about, toward, approximately (time)",大体15時ごろに会いましょう。,Let's meet around 3 p.m.
今月,こんげつ,this month,今月の予定を確認しました。,I checked this month's schedule.
今週,こんしゅう,this week,今週はバス旅行に行く。,I am going on a bus trip this week.
こんな,こんな,"such, like this",こんな所で会うなんて偶然だ。,It's a coincidence to meet in a place like this.
今晩,こんばん,"tonight, this evening",今晩はテレビを見る予定です。,I plan to watch TV tonight.
さあ,さあ,"come now, well",さあ、始めましょう。,"Well, let's start."
～歳,～さい,~ years old,来月、私は20歳になります。,"Next month, I will turn 20 years old."
財布,さいふ,wallet,財布を失くして困った。,I was troubled by losing my wallet.
魚,さかな,fish,魚を食べるのが好きです。,I like to eat fish.
先,さき,"future; recent, previous",先日、友達と映画を見た。,"The other day, I watched a movie with my friend."
咲く,さく,to bloom,春に桜が咲く。,Cherry blossoms bloom in spring.
作文,さくぶん,essay; composition,日本語で作文を書きます。,I will write an essay in Japanese.
差す,さす,"to raise (stretch out) hands, to raise (e.g., umbrella)",手を差す,to reach out a hand
～冊,～さつ,counter for books,本を５冊買った。,I bought five books.
雑誌,ざっし,"magazine, journal",雑誌を読むのが好きです。,I like reading magazines.
砂糖,さとう,sugar,コーヒーに砂糖を入れます。,I put sugar in my coffee.
寒い,さむい,cold (in reference to weather),今日はとても寒い。,It's very cold today.
さ来年,さらいねん,year after next,さ来年は日本に行きます。,I will go to Japan the year after next.
～さん,～さん,"Mr. ~, Ms. ~",田中さんは真面目です。,Mr. Tanaka is diligent.
三,さん,three,三人で映画を見に行った。,Three of us went to see a movie.
散歩,さんぽ (する),"walk, stroll",毎日散歩することが健康に良いです。,Taking a walk every day is good for your health.
四,し,four,四時に会いましょう。,Let's meet at four o'clock.
～時,～じ,~ o'clock (time),None,None
塩,しお,salt,料理に塩を加える。,Add salt to the dish.
しかし,しかし,however; but,しかし、それはもっと難しい問題です。,"However, that is a more difficult problem."
時間,じかん,time,今、何時ですか？,What time is it now?
～時間,～じかん,~ hours,３時間勉強しました。,Studied for three hours.
仕事,しごと,"work, job, occupation, employment",仕事が終わった後、映画を見に行きます。,"After work, I will go see a movie."
辞書,じしょ,dictionary,外国語の辞書を持っています。,I have a foreign language dictionary.
静か,しずか,"quiet, calm",図書館は静かです。,The library is quiet.
下,した,"under, below, beneath",机の下に本があります。,There is a book under the desk.
七,しち,seven,七つのりんごを買った。,Bought seven apples.
質問,しつもん,"question, inquiry",質問があれば聞いてください。,"If you have any questions, please ask."
自転車,じてんしゃ,bicycle,私の自転車は赤いです。,My bicycle is red.
自動車,じどうしゃ,automobile,彼は新しい自動車を買いました。,He bought a new car.
死ぬ,しぬ,to die,すみません、犬が死んでしまいました。,"I'm sorry, the dog has passed away."
字引,じびき,dictionary,本棚に字引があります。,There is a dictionary on the bookshelf.
自分,じぶん,"myself, oneself",自分の時間を大切にしよう。,Let's treasure our own time.
閉まる,しまる,"to close, to be closed",ドアが閉まりました。,The door is closed.
閉める,しめる,"to close, to shut",窓を閉めてください。,Please close the window.
締める,しめる,"to tie, to fasten, to tighten",靴紐を締めなおしてください。,Please tighten your shoelaces.
じゃ; じゃあ,じゃ; じゃあ,"well, well then",じゃ、行ってきます。,"Well, I'm off."
写真,しゃしん,a picture; a photograph,写真を撮ってもいいですか？,May I take a photo?
シャツ,シャツ,shirt,彼は青いシャツを着ています。,He is wearing a blue shirt.
シャワー,シャワー,shower,毎朝シャワーを浴びます。,I take a shower every morning.
十,じゅう,ten,十本の鉛筆が必要です。,I need ten pencils.
～中,～じゅう,"during, while",昼休み中に友達と話しました。,I talked to my friend during lunch break.
～週間,～しゅうかん,~ weeks,２週間の休暇を楽しんだ。,Enjoyed a two-week vacation.
授業,じゅぎょう,a class (of school),授業が始まります。,The class is about to start.
宿題,しゅくだい,homework,宿題を忘れてしまいました。,I forgot to do my homework.
上手,じょうず,"be good at, skillful",彼女は料理が上手です。,She is good at cooking.
丈夫,じょうぶ,"strong, solid, durable",この椅子は丈夫な作りです。,This chair is solidly built.
醤油,しょうゆ,soy sauce,この料理には醤油を追加してください。,Please add soy sauce to this dish.
食堂,しょくどう,"cafeteria, dining hall",大学の食堂でランチを食べる。,I eat lunch at the university cafeteria.
知る,しる,"to know, to understand",彼の過去を知ることは重要だ。,It is important to know about his past.
白,しろ,white,雪が降って地面が白くなった。,The ground turned white as snow fell.
白い,しろい,white,白い花は美しいです。,White flowers are beautiful.
～人,～じん,counter for people,2人の友達が家に遊びに来た。,Two friends came to play at my house.
新聞,しんぶん,newspaper,毎朝、新聞を読みます。,I read the newspaper every morning.
水曜日,すいようび,Wednesday,今日は水曜日です。,Today is Wednesday.
吸う,すう,"to breathe in, to suck",深呼吸をするとリラックスできる。,Deep breathing can help you relax.
スカート,スカート,skirt,彼女はかわいいスカートをはいている。,She is wearing a cute skirt.
好き,すき,"liking, fondness, love",彼は音楽が好きです。,He likes music.
～すぎ,～すぎ,"past; to exceed, ~ too much",食べ過ぎると体に悪い。,Eating too much is bad for your body.
少ない,すくない,a little; a few,お金が少ないので節約しなければならない。,I have little money so I need to save.
すぐに,すぐに,"immediately, soon",電車が来たらすぐに乗りましょう。,Let's get on the train as soon as it arrives.
少し,すこし,"little, few",少し待ってください。,Please wait a little bit.
涼しい,すずしい,"cool, refreshing (in reference to weather)",風が涼しくて気持ちがいい。,The cool breeze feels nice.
～ずつ,～ずつ,at a time,1つずつ数字をカウントしてください。,Please count the numbers one by one.
ストーブ,ストーブ,heater (lit: stove),冬はストーブが必要だ。,A heater is necessary in winter.
スプーン,スプーン,spoon,スープをスプーンで飲む。,I drink soup with a spoon.
スポーツ,スポーツ,sport(s),運動はスポーツが好きです。,I like sports for exercise.
ズボン,ズボン,trousers,彼はかっこいいズボンをはいている。,He is wearing stylish trousers.
住む,すむ,"to reside, to live in",新しいアパートで住むことになった。,I will live in a new apartment.
する,する,"to do, to try; to wear small items (e.g., necktie, watch, etc.)",宿題をする前にご飯を食べる。,I will eat before doing homework.
座る,すわる,to sit,椅子に座って、くつろいでください。,Please sit in the chair and relax.
背,せい,"(one's) height, stature",彼の背は高いです。,He is tall in stature.
生徒,せいと,student; pupil,学校の生徒たちが忙しい。,The students at school are busy.
セーター,セーター,sweater,冬にはセーターが必要だ。,A sweater is necessary in winter.
石鹸,せっけん,soap,石鹸で手を洗ってください。,Please wash your hands with soap.
背広,せびろ,men's suit,結婚式に背広を着て行った。,I wore a suit to the wedding.
狭い,せまい,narrow; not spacious,この部屋は狭くて動きにくい。,This room is narrow and hard to move around in.
ゼロ,ゼロ,zero,そのテストでゼロ点を取った。,I got zero on that test.
千,せん,thousand,1000円は1千円です。,"1000 yen is equal to 1,000 yen."
先月,せんげつ,last month,先月、友達と旅行に行った。,I went on a trip with friends last month.
先週,せんしゅう,last week,先週、新しい映画を見た。,I watched a new movie last week.
先生,せんせい,"teacher, professor; master; doctor",その学校の先生は厳しいです。,The teacher at that school is strict.
洗濯,せんたく,"washing, laundry",週末に洗濯をする予定です。,I plan to do laundry on the weekend.
全部,ぜんぶ,"all, entire, whole",プレゼントを全部開けてみた。,I opened all the presents.
そう; そうです,そう; そうです,"yes; appears, to be the case",そうだ、一緒に行こう。,"Yes, let's go together."
掃除,そうじ (する),"cleaning, sweeping",毎週末に部屋の掃除をする。,I clean the room every weekend.
そうして; そして,そうして; そして,"and, like that",買い物に行って、そして映画を見た。,I went shopping and then watched a movie.
そこ,そこ,"that place, there; bottom, sole",私の家のそこに公園があります。,There is a park near my house.
そちら,そちら,over there,そちらの方はどこから来ましたか？,Where did you come from over there?
そっち,そっち,over there,電車はそっちのホームに来ます。,The train will come to that platform over there.
外,そと,"outside, exterior",外で遊ぶのが好きです。,I like to play outside.
その,その,that,その本はとても面白かったです。,That book was very interesting.
そば,そば,"near, close, beside; Japanese traditional buckwheat noodle",あの店でそばを食べましょう。,Let's eat soba noodles at that restaurant.
空,そら,sky,夜空には星がたくさん見えます。,You can see a lot of stars in the night sky.
それ,それ,that one,それが私の好みです。,That is my preference.
それから,それから,"and then, after that",昼ご飯を食べて、それから買い物に行きました。,"I had lunch, and then went shopping after that."
それでは,それでは,"in that situation, well then...",それでは、この話はここまでにします。,"Well then, let's end this discussion here."
～台,～だい,counter for vehicles; machines,車が2台あります。,There are two cars.
大学,だいがく,college; university,彼女は大学生です。,She is a college student.
大使館,たいしかん,embassy,大使館の前で待ち合わせしましょう。,Let's meet in front of the embassy.
大丈夫,だいじょうぶ,It's ok (all right); No need to worry; Everything is under control,心配しなくて大丈夫です。,"It's okay, no need to worry."
大好き,だいすき,"very like-able, like very much",彼は犬が大好きです。,He really likes dogs.
大切,たいせつ,important,家族との時間はとても大切です。,Spending time with family is very important.
台所,だいどころ,kitchen,母は台所で料理をします。,My mother cooks in the kitchen.
大変,たいへん,"very; difficult, hard",この問題はとても大変です。,This problem is very difficult.
高い,たかい,"tall, high; expensive",あのビルはとても高いです。,That building is very tall.
～だけ,～だけ,"only ~, just ~, as ~",このケーキは私だけが食べられます。,Only I can eat this cake.
沢山,たくさん,"many, much",果物屋さんには沢山の果物があります。,The fruit shop has a lot of fruits.
タクシー,タクシー,taxi,空港からホテルまでタクシーで行きました。,I took a taxi from the airport to the hotel.
出す,だす,to take (something) out; to hand in (something),宿題を出しなさい。,Hand in your homework.
～たち,～たち,plural suffix,友達たちと一緒にピクニックに行きました。,I went on a picnic with my friends.
立つ,たつ,to stand up,彼は立って話しています。,He is standing and talking.
たて,たて,"length, height",この机のたてはどれくらいある？,How tall is this desk?
建物,たてもの,building,町には新しい建物がたくさん建っています。,There are many new buildings being constructed in the town.
楽しい,たのしい,"enjoyable, fun",昨日のパーティーはとても楽しかった。,Yesterday's party was really fun.
頼む,たのむ,"to request, to ask (a favor)",お願い、手伝ってください。,"Please, help me out."
たばこ,たばこ,"tobacco, cigarettes",彼はたばこを吸い始めました。,He started smoking cigarettes.
多分,たぶん,"perhaps, probably, maybe",多分、今日は雨が降るでしょう。,Perhaps it will rain today.
食べ物,たべもの,food,外国の食べ物を食べるのが好きです。,I like eating foreign food.
食べる,たべる,to eat,朝ごはんを食べるのを忘れないでください。,Don't forget to eat breakfast.
卵,たまご,egg,卵を使った料理が得意です。,I am good at cooking dishes with eggs.
誰,だれ,who,この本は誰のですか？,Whose book is this?
誰か,だれか,someone,誰か助けてくれますか？,Can someone help me?
誕生日,たんじょうび,birthday,彼の誕生日にプレゼントを贈りました。,I gave him a present for his birthday.
段々,だんだん,"gradually, by degrees",段々暖かくなってきました。,It has gradually become warmer.
小さい,ちいさい,"small, little",このかばんは小さいですが、使いやすいです。,"This bag is small, but easy to use."
小さな,ちいさな,"small, little",小さな村に住んでいます。,I live in a small village.
近い,ちかい,"near, close by, short",家は駅に近いです。,The house is close to the station.
違う,ちがう,to be different; to differ; wrong,彼女の意見は私のと違う。,Her opinion is different from mine.
近く,ちかく,nearby; in the neighborhood,近くの公園で散歩しました。,I took a walk in the nearby park.
地下鉄,ちかてつ,"underground train, subway",地下鉄で都市を移動します。,I travel around the city by subway.
地図,ちず,a map,地図を見て目的地を見つけました。,I found the destination by looking at the map.
父,ちち,(my) father,父はとても優しい人です。,My father is a very kind person.
茶色,ちゃいろ,brown,彼女の髪の色は茶色です。,Her hair color is brown.
茶碗,ちゃわん,rice bowl,茶碗にご飯を盛ります。,I serve rice in a rice bowl.
～中,～ちゅう,"during, while ~ing",勉強中に電話が鳴った。,The phone rang while I was studying.
丁度,ちょうど,"just, right, exactly",丁度いい日ですね。,"It's a perfect day, isn't it?"
ちょっと,ちょっと,"a little, somewhat; just a little, somewhat",ちょっと待ってください。,Please wait a moment.
一日,ついたち,one day; first day of the month,一日中勉強しました。,I studied all day long.
使う,つかう,to use,新しい道具を使います。,I will use the new tool.
疲れる,つかれる,to get (become) tired; to become fatigued,長い旅行で疲れました。,I got tired from the long trip.
次,つぎ,next,次の駅で降ります。,I will get off at the next station.
着く,つく,"to arrive at, to reach",電車が次の駅に着きます。,The train will arrive at the next station.
机,つくえ,desk,机の上に本が置いてあります。,There is a book on the desk.
作る,つくる,"to make, to create",料理を作るのが好きです。,I enjoy cooking.
つける,つける,"to turn on (e.g., a light); to take",電気をつけて部屋を明るくしました。,I turned on the light to brighten up the room.
勤める,つとめる,to work (for),会社で一生懸命勤めます。,I will work hard at the company.
つまらない,つまらない,"boring, dull; insignificant",その映画はつまらなかったです。,That movie was boring.
冷たい,つめたい,"cold (things, people)",冷たい飲み物が欲しいです。,I want a cold drink.
強い,つよい,"strong, powerful",彼は強いリーダーシップを持っています。,He has strong leadership.
手,て,hand,手を洗ってから食事しましょう。,Let's eat after washing hands.
テープ,テープ,tape,その会話をテープに録音しました。,I recorded the conversation on tape.
テープレコーダー,テープレコーダー,tape recorder,彼はテープレコーダーを持っています。,He has a tape recorder.
テーブル,テーブル,table,食事をテーブルで楽しみました。,We enjoyed the meal at the table.
出かける,でかける,to go out; to depart,友達と出かけて映画を見ました。,I went out with friends and watched a movie.
手紙,てがみ,letter,手紙を書いて友達に送ります。,I will write a letter and send it to a friend.
できる,できる,to be able to (to accomplish),宿題が早くできました。,I finished my homework quickly.
出口,でぐち,an exit,出口はこちらです。,The exit is over here.
テスト,テスト,test,明日は難しいテストがあります。,There is a difficult test tomorrow.
では,では,"then, well, so",では、また会いましょう。,"Well then, let's meet again."
デパート,デパート,(abbr.) department store,デパートで買い物をします。,I will go shopping at the department store.
でも,でも,"but, however",雨が降っているけど、でも出かけます。,"It's raining, but I will go out anyway."
出る,でる,"to appear, to leave",友達が部屋から出ました。,My friend left the room.
テレビ,テレビ,"television, TV",テレビで映画を見ました。,I watched a movie on TV.
天気,てんき,weather,今日の天気は晴れです。,The weather today is sunny.
電気,でんき,"electricity, (electric) light",電気を節約するために消します。,I turn off the light to save electricity.
電車,でんしゃ,electric train,電車で毎日通勤します。,I commute by train every day.
電話,でんわ,a telephone,電話をかける。,To make a phone call.
戸,と,door (Japanese style),戸を開ける。,To open the door.
～度,～ど,counter for occurrences; ~ degree; ~ point,三度の飯。,Three meals a day.
ドア,ドア,door (Western style),ドアを閉める。,To close the door.
トイレ,トイレ,bathroom; toilet,トイレに行く。,To go to the bathroom.
どう,どう,"how, in what way",どうしたの？,What's wrong?
どうして,どうして,"why, for what reason",どうして泣いているの？,Why are you crying?
どうぞ,どうぞ,"please, kindly, by all means",どうぞお召し上がりください。,Please help yourself.
動物,どうぶつ,animal,動物園に行く。,To go to the zoo.
どうも,どうも,Thank you; somehow; no matter how hard one may try,どうもありがとうございます。,Thank you very much.
十,(〜を) とお,ten (~),十本のペン。,Ten pens.
遠い,とおい,"far (away), distant",遠い国。,A distant country.
十日,とおか,ten days; tenth day of the month,十日間。,For ten days.
～時,～とき,at the time of ~,三時に会いましょう。,Let's meet at three o'clock.
時々,ときどき,sometimes,時々雨が降る。,Sometimes it rains.
時計,とけい,a watch; a clock,時計を見る。,To look at the clock.
どこ,どこ,"where, what place",どこから来ましたか？,Where are you from?
所,ところ,place,ここはいい所だ。,This is a nice place.
年,とし,"year, age",三十歳。,Thirty years old.
図書館,としょかん,library,図書館で本を借りる。,To borrow books from the library.
どちら,どちら,which (one) (way); where (polite),どちらを選びますか？,Which one will you choose?
どっち,どっち,"which one, which way",どっちの方がいいですか？,Which one is better?
とても,とても,"very (much), greatly, exceedingly",とても嬉しい。,Very happy.
どなた,どなた,who,どなたがお呼びですか？,"Who is calling, please?"
隣,となり,"next to, next door to",隣の席に座る。,To sit in the next seat.
どの,どの,which,どの本が好きですか？,Which book do you like?
飛ぶ,とぶ,"to fly, to hop",鳥が空を飛ぶ。,Birds fly in the sky.
止まる,とまる,to come to a halt,車が止まる。,The car stops.
友達,ともだち,friend,友達と遊ぶ。,To play with friends.
土曜日,どようび,Saturday,土曜日に出かける。,To go out on Saturday.
鳥,とり,"chicken (lit., bird)",鳥が鳴く。,Birds are chirping.
鶏肉,とりにく,chicken meat,鶏肉を焼く。,To cook chicken meat.
取る,とる,to take (a class); to get (a grade),写真を取る。,To take a picture.
撮る,とる,"to take (a photo), to make (a film)",映画を撮る。,To shoot a movie.
どれ,どれ,which one,どれを選ぶ？,Which one will you choose?
どんな,どんな,"what, what kind of",どんな映画が好きですか？,What kind of movies do you like?
ない,ない,"there isn't, doesn't have",お金がない。,I don't have money.
ナイフ,ナイフ,knife,ナイフを使う。,To use a knife.
中,なか,"inside, middle, among",中に入る。,To go inside.
長い,ながい,"long, lengthy",長い髪。,Long hair.
鳴く,なく,to make sound (animal),猫が鳴く。,The cat is meowing.
無くす,なくす,to lose something,鍵を無くす。,To lose the key.
なぜ,なぜ,why (same as どうして),なぜ泣いているの？,Why are you crying?
夏,なつ,summer,夏は暑いです。,Summer is hot.
夏休み,なつやすみ,summer vacation,夏休みに旅行します。,I will travel during summer vacation.
～など,～など,et cetera,果物などを買いました。,I bought fruits and other things.
七つ,ななつ,seven things,七つのりんご。,Seven apples.
何,なん; なに,what,何を食べたの？,What did you eat?
七日,なのか,seven days; seventh day (of the month),七日に誕生日があります。,My birthday is on the seventh day.
名前,なまえ,name,私の名前は太郎です。,My name is Taro.
習う,ならう,to learn,日本語を習います。,I learn Japanese.
並ぶ,ならぶ,"to line up, to stand in a line (v.i.)",列に並ぶ。,To line up in a queue.
並べる,ならべる,to put (things) side by side; to line up,机に本を並べる。,To line up books on the desk.
なる,なる,to become,先生になりたいです。,I want to become a teacher.
何～,なん～,what sort of ~,何色の車が欲しいですか？,What color car do you want?
二,に,two,リンゴを二個ください。,Please give me two apples.
にぎやか,にぎやか,"bustling, busy",市場はにぎやかです。,The market is bustling.
肉,にく,meat,お肉が好きです。,I like meat.
西,にし,west,夕日が西に沈みます。,The sun sets in the west.
～日,～にち,"~ day of the month, for ~ days",五日までに終わります。,It will end by the 5th of the month.
日曜日,にちようび,Sunday,日曜日は休みです。,Sunday is a day off.
荷物,にもつ,luggage; baggage,荷物を持っています。,I have luggage.
ニュース,ニュース,news,テレビでニュースを見ます。,I watch the news on TV.
庭,にわ,garden,庭に花が咲いています。,Flowers are blooming in the garden.
～人,～にん,counter for people,三人でレストランに行きます。,I will go to the restaurant with three people.
脱ぐ,ぬぐ,to take off (clothes),靴を脱いでください。,Please take off your shoes.
温い,ぬるい,lukewarm,お風呂のお湯が温い。,The bathwater is lukewarm.
ネクタイ,ネクタイ,"tie, necktie",新しいネクタイを買いました。,I bought a new tie.
猫,ねこ,cat,猫が庭で遊んでいます。,The cat is playing in the garden.
寝る,ねる,to sleep; to go to sleep; to go to bed,もう寝る時間です。,It's time to go to sleep.
～年,～ねん,~ years,三年間日本語を勉強しました。,I studied Japanese for three years.
ノート,ノート,notebook,ノートを忘れてしまった。,I forgot my notebook.
登る,のぼる,to climb,山に登ります。,I will climb the mountain.
飲み物,のみもの,"drink, beverage",食事と一緒に飲み物を注文します。,I will order a drink with the meal.
飲む,のむ,to drink,コーヒーを飲みます。,I will drink coffee.
乗る,のる,"to get on, to ride in, to board",電車に乗って。,Get on the train.
歯,は,tooth,歯が痛い。,My tooth hurts.
パーティー,パーティー,a party,友達のパーティーに行きます。,I will go to a friend's party.
はい,はい,yes,はい、承知しました。,"Yes, I understand."
～杯,～はい,counter for cupfuls,コーヒーを一杯ください。,"One cup of coffee, please."
灰皿,はいざら,ashtray,テーブルの上に灰皿が置かれている。,There is an ashtray on the table.
入る,はいる,"to enter, to contain, to hold",部屋に入ると、猫が迎えてくれた。,"When I entered the room, the cat greeted me."
葉書,はがき,postcard,友達に旅行先から葉書を送った。,I sent a postcard to my friend from my trip.
はく,はく,to put on (items below your waist),靴を履いて外出する。,Put on your shoes before going out.
箱,はこ,box,プレゼントの箱を開けると、驚きの品が入っていた。,"When I opened the gift box, there was a surprising item inside."
橋,はし,bridge,川の上に立派な橋が架かっている。,There is a splendid bridge over the river.
箸,はし,chopsticks,お寿司を箸で取って食べる。,Pick up and eat sushi with chopsticks.
始まる,はじまる,(something) begins,会議は午後2時から始まる予定です。,The meeting is scheduled to start at 2 p.m.
初め; 始め,はじめ,"beginning, start",新しいクラスでの初めの一歩が大事だ。,The first step in a new class is important.
初めて,はじめて,for the first time,日本に旅行するのは初めてです。,It's my first time traveling to Japan.
走る,はしる,to run,朝のジョギングで走ることが好きだ。,I enjoy running in the morning jogging.
バス,バス,bus; bath; bass,バスが定刻に出発しました。,The bus departed on schedule.
バター,バター,butter,トーストにバターを塗る。,Spread butter on the toast.
二十歳,はたち,20 years old,彼は二十歳の誕生日を迎えた。,He celebrated his 20th birthday.
働く,はたらく,to work,毎日、一生懸命働いています。,I work hard every day.
八,はち,eight,八つの色が見える虹が出現した。,A rainbow with eight colors appeared.
二十日,はつか,"twenty days, twentieth (day of the month)",毎月、二十日は忙しい日だ。,The 20th of every month is a busy day.
花,はな,flower,庭にたくさんの花が咲いている。,Many flowers are blooming in the garden.
鼻,はな,nose,風邪をひいて、鼻が詰まっている。,"I caught a cold, and my nose is stuffed."
話,はなし,"talk (chat), story",話を聞きながら、落ち着いて考えた。,I calmly thought while listening to the story.
話す,はなす,to speak,外国語を話すことが得意だ。,I am good at speaking foreign languages.
母,はは,(my) mother,母はいつも私を支えてくれる。,My mother always supports me.
早い,はやい,early,早起きすると、1日が長く感じる。,"When you wake up early, the day feels longer."
速い,はやい,"fast, quick",新幹線はとても速い。,The Shinkansen is very fast.
春,はる,spring,春になると桜が咲き誇る。,Cherry blossoms bloom in full glory in spring.
貼る,はる,to post; to paste; to attach,壁にポスターを貼ってお部屋を飾る。,Decorate the room by pasting posters on the wall.
晴れ,はれ,clear (sunny) weather,晴れた日には散歩するのが気持ちいい。,It feels good to take a walk on a sunny day.
晴れる,はれる,to be sunny,雨が上がり、晴れることを願っていた。,"The rain stopped, and I was hoping for clear weather."
半,はん,"half (e.g., にじはん | half-past two)",９時半に会議が始まります。,The meeting starts at 9:30.
晩,ばん,evening,晩は家族みんなで夕食を食べる。,"In the evening, the whole family eats dinner together."
～番,～ばん,~st; ~th best,今回の大会で５番目に入賞した。,I ranked fifth in this tournament.
パン,パン,bread,朝食にはパンが欠かせない。,Bread is essential for breakfast.
ハンカチ,ハンカチ,handkerchief,夏には必ずハンカチを持ち歩く。,Always carry a handkerchief in the summer.
番号,ばんごう,"number, series of digits",携帯電話の電話番号は覚えていますか？,Do you remember your cell phone number?
晩御飯,ばんごはん,"dinner, evening meal",昨日の晩御飯はカレーだった。,Yesterday's dinner was curry.
半分,はんぶん,half,ケーキを半分に切って、一緒に食べよう。,Let's cut the cake in half and eat it together.
東,ひがし,east,日本の東には太平洋が広がる。,The Pacific Ocean spreads to the east of Japan.
～匹,～ひき,counter for small animals,犬を３匹飼っています。,I have three dogs.
引く,ひく,"to pull, to draw; subtract",図面から線を引く。,Draw a line on the blueprint.
弾く,ひく,to play (a string instrument or piano),ピアノを上手に弾くことができる。,I can play the piano well.
低い,ひくい,"short, low",そのテーブルは低いです。,That table is low.
飛行機,ひこうき,airplane,飛行機で旅行するのは楽しいです。,Traveling by airplane is fun.
左,ひだり,left hand side,左手でページをめくってください。,Please turn the page with your left hand.
人,ひと,"man, person",日本には親切な人がたくさんいます。,There are many kind people in Japan.
一つ,ひとつ,one thing,机の上にペンが一つあります。,There is one pen on the desk.
一月,ひとつき,one month,一月は寒い月です。,January is a cold month.
一人,ひとり,one person,昨日、一人で映画を見ました。,"Yesterday, I watched a movie alone."
暇,ひま,"free time, leisure",週末には暇になる時間が楽しみです。,I look forward to having free time on the weekend.
百,ひゃく,hundred,この本には百ページあります。,This book has one hundred pages.
病院,びょういん,hospital,彼女は病院で働いています。,She works at the hospital.
病気,びょうき,illness; sickness,風邪で病気になりやすい季節です。,It's the season where you easily catch a cold and get sick.
平仮名,ひらがな,hiragana,日本語の勉強で平仮名を練習しています。,I am practicing hiragana as part of studying Japanese.
昼,ひる,"noon, daytime",昼ごはんに何を食べますか？,What are you going to eat for lunch?
昼御飯,ひるごはん,"lunch, midday meal",昼御飯は毎日楽しみです。,I look forward to lunch every day.
広い,ひろい,spacious; wide; broad,この公園は広いですね。,This park is spacious.
フィルム,フィルム,film (roll of),昔のカメラにはフィルムを入れる必要があります。,Old cameras require inserting a film.
封筒,ふうとう,envelope,手紙を封筒に入れて送ります。,I will put the letter in an envelope and send it.
プール,プール,swimming pool,夏によくプールで遊びます。,I often play in the swimming pool in the summer.
フォーク,フォーク,fork,フォークでサラダを食べるのが好きです。,I like eating salad with a fork.
吹く,ふく,"to blow (wind, etc.)",風が強く吹いています。,The wind is blowing strongly.
服,ふく,clothes,新しい服を買いたいです。,I want to buy new clothes.
二つ,ふたつ,two things,机の上に本が二つあります。,There are two books on the desk.
豚肉,ぶたにく,pork,今日の夕飯には豚肉を使って料理します。,I will cook dinner tonight using pork.
二人,ふたり,two people,友達と一緒に二人で旅行に行きます。,"I will go on a trip with a friend, just the two of us."
二日,ふつか,two days; second day of the month,私の誕生日は二月十日です。,My birthday is on the tenth of February.
太い,ふとい,"fat, thick",彼女は太い本を読んでいます。,She is reading a thick book.
冬,ふゆ,winter,冬は雪が多いです。,There is a lot of snow in winter.
降る,ふる,"to precipitate, to fall (e.g., rain, snow, etc.)",明日は雨が降るかもしれません。,It might rain tomorrow.
古い,ふるい,"old (in reference to objects, not people), aged, ancient",祖父母の家には古い家具があります。,My grandparents' house has old furniture.
～分,～ふん,~ minutes,授業は六十分間です。,The class is sixty minutes long.
文章,ぶんしょう,"sentence, text",この文章を翻訳してください。,Please translate this text.
ページ,ページ,a page,このマンガは十ページまで読みました。,I have read up to page ten of this manga.
下手,へた,"unskillful, poor",彼は絵が下手ですが、歌は上手です。,"He is not good at drawing, but he is good at singing."
ベッド,ベッド,bed,疲れたらベッドで寝ましょう。,Let's sleep in the bed when we get tired.
ペット,ペット,pet,犬と猫は一般的なペットです。,Dogs and cats are common pets.
部屋,へや,a room,彼の部屋はとてもきれいです。,His room is very clean.
辺,へん,"area, vicinity",辺にいる人たちに質問してみてください。,Try asking the people around you.
ペン,ペン,pen,このペンは赤いインクです。,This pen has red ink.
勉強,べんきょう (する),study,毎日勉強することは大切です。,Studying every day is important.
便利,べんり,"convenient, handy",スマートフォンは便利なデバイスです。,Smartphones are handy devices.
帽子,ぼうし,hat; cap,新しい帽子を買いました。,I bought a new hat.
ボールペン,ボールペン,ball-point pen,ボールペンでメモを取ります。,I take notes with a ball-point pen.
外,ほか,"other, the rest",外でお弁当を食べました。,I ate a bento lunch outside.
ポケット,ポケット,pocket,スマートフォンをポケットに入れます。,I put my smartphone in my pocket.
欲しい,ほしい,"to want, in need of",新しい車が欲しいです。,I want a new car.
ポスト,ポスト,"mailbox; post, position",手紙をポストに投函しました。,I dropped the letter in the mailbox.
細い,ほそい,"thin, slender, fine",彼女は細い体型です。,She has a slender figure.
ボタン,ボタン,button,このシャツにボタンを付けます。,I'll attach buttons to this shirt.
ホテル,ホテル,hotel,旅行でホテルに泊まります。,I will stay at a hotel during the trip.
本,ほん,book,図書館で新しい本を借りました。,I borrowed a new book from the library.
～本,～ほん,counter for long cylindrical things,本棚にたくさんの本があります。,There are many books on the bookshelf.
本棚,ほんだな,bookshelf,本棚に本を整理します。,I organize books on the bookshelf.
本当,ほんとう,"real, true",その話は本当かどうか不明です。,It's unclear whether that story is true.
～枚,～まい,counter for flat things,写真を３枚撮りました。,I took three pictures.
毎朝,まいあさ,every morning,毎朝ジョギングをします。,I go jogging every morning.
毎月,まいげつ; まいつき,"every month, monthly",給料は毎月振り込まれます。,My salary is deposited every month.
毎週,まいしゅう,every week,毎週水曜日にテニスをします。,I play tennis every Wednesday.
毎日,まいにち,every day,毎日新聞を読みます。,I read the newspaper every day.
毎年,まいねん; まいとし,"every year, yearly, annually",毎年誕生日を祝います。,We celebrate the birthday every year.
毎晩,まいばん,every night,毎晩お風呂に入ります。,I take a bath every night.
前,まえ,"before, in front",前の座席に座ります。,I will sit in the front seat.
～前,～まえ,in front of ~,食事の前に手を洗いましょう。,Let's wash hands before meals.
曲る,まがる,"to turn, to bend",次の角を曲ってください。,Please turn at the next corner.
まずい,まずい,"terrible (in reference to food), unappetizing, unpleasant (taste)",この料理はまずいです。,This dish tastes bad.
また,また,and; furthermore,また会いましょう。,Let's meet again.
まだ,まだ,"yet, still, besides",まだ雨が降っています。,It's still raining.
町,まち,town; city,私の町は小さいです。,My town is small.
待つ,まつ,to wait,友達を待っています。,I am waiting for my friend.
まっすぐ,まっすぐ,"straight (ahead), direct",まっすぐ進んでください。,Please go straight ahead.
マッチ,マッチ,match,マッチでキャンドルを点けます。,I light a candle with a match.
窓,まど,window,窓から景色を眺めます。,I look at the view from the window.
丸い; 円い,まるい,"round, circular",机の角は丸いです。,The corners of the desk are round.
万,まん,ten thousand,彼は100万円を稼ぎました。,He earned one million yen.
万年筆,まんねんひつ,fountain pen,万年筆で手紙を書きます。,I write a letter with a fountain pen.
磨く,みがく,to brush (teeth); to polish,歯を毎日磨いています。,I brush my teeth every day.
右,みぎ,right hand side,右に曲がってください。,Please turn to the right.
短い,みじかい,short (length),彼は背が短いです。,He is short in height.
水,みず,water,暑い日には水をたくさん飲みます。,I drink a lot of water on hot days.
店,みせ,"store, shop",町に新しい店が開店しました。,A new store opened in the town.
見せる,みせる,"to show, to display",写真を見せてください。,Please show me the picture.
道,みち,"road, street; way, directions",この道をまっすぐ行ってください。,Please go straight on this road.
三日,みっか,"three days, third day of the month",来週の三日に会いましょう。,Let's meet next Wednesday.
三つ,みっつ,three things,机の上に三つの本があります。,There are three books on the desk.
緑,みどり,green,春は緑の葉が美しいです。,Green leaves are beautiful in spring.
皆さん,みなさん,"all of you, everyone",皆さん、こんにちは。,Hello everyone.
南,みなみ,South,日本は東アジアの南に位置しています。,Japan is located south of East Asia.
耳,みみ,ear,犬の耳はとてもかわいいですね。,Dogs' ears are very cute.
見る,みる,"to see, to look",窓から夜空を見るのが好きです。,I like looking at the night sky from the window.
みんな,みんな,"all, everyone, everybody",今日はみんな元気そうですね。,Everyone seems energetic today.
六日,むいか,six days; sixth day of month,来月の六日に誕生日があります。,My birthday is on the sixth day of next month.
向こう,むこう,"beyond, over there",川の向こうに何か見えますか？,Can you see anything across the river?
難しい,むずかしい,difficult,数学の問題はとても難しいです。,Math problems are very difficult.
六つ,むっつ,six things,テーブルに六つの椅子があります。,There are six chairs on the table.
村,むら,village,私の祖母は村に住んでいます。,My grandmother lives in the village.
目,め,eye(s),猫の目は夜に光ります。,A cat's eyes shine at night.
メートル,メートル,meter,今日は５００メートル走りました。,I ran 500 meters today.
眼鏡,めがね,eye glasses,新しい眼鏡をかけると視界が良くなりました。,My vision improved when I put on new glasses.
もう,もう,already; again; more,もう夕食の準備ができています。,Dinner is already prepared.
木曜日,もくようび,Thursday,木曜日は日本で掃除をする日です。,Thursday is the day for cleaning in Japan.
もしもし,もしもし,Hello? (used on the phone),もしもし、田中さんですか？,"Hello, is this Mr. Tanaka?"
持つ,もつ,"to hold, to carry; to possess",彼は重い荷物を持っています。,He is carrying a heavy load.
もっと,もっと,more,もっと静かにしてください。,Please be quieter.
物,もの,thing (concrete object),机の上に物がたくさんあります。,There are many things on the desk.
門,もん,gate,古い門が美しい庭を囲んでいます。,An old gate surrounds a beautiful garden.
問題,もんだい,a problem,数学の問題を解いていますか？,Are you solving math problems?
～屋,～や,~ shop,本屋は本を販売するお店です。,A bookstore is a shop that sells books.
八百屋,やおや,greengrocer,八百屋で新鮮な野菜を買いました。,I bought fresh vegetables at the greengrocer's.
野菜,やさい,vegetable,毎日野菜を食べて体に良いです。,Eating vegetables every day is good for your health.
易しい,やさしい,"easy, plain, simple",日本語は易しい言語です。,Japanese is an easy language.
安い,やすい,inexpensive; cheap (things),この店では服がとても安いです。,Clothes are very cheap at this store.
休み,やすみ,holiday; day off; absence,彼は週末に休みを楽しんでいます。,He enjoys his days off on weekends.
休む,やすむ,"to rest, to have a break, to get time off",体が疲れたので休んでいます。,I am resting because my body is tired.
八つ,やっつ,eight things,箱に色々な飴が八つ入っています。,There are eight different candies in the box.
山,やま,mountain,山の頂上からの景色は素晴らしいです。,The view from the mountaintop is magnificent.
やる,やる,"to do; to give (to pets, parents, siblings, etc.)",犬にボールをやると喜びます。,Dogs are happy when you give them a ball.
夕方,ゆうがた,"late afternoon (typically just before dinner time), evening",夕方にジョギングをするのが好きです。,I like to jog in the late afternoon.
夕飯,ゆうはん,"dinner, supper, evening meal",今日の夕飯は何を食べますか？,What are you going to eat for dinner today?
郵便局,ゆうびんきょく,post office,この町に郵便局はありますか？,Is there a post office in this town?
昨夜,ゆうべ,last night,昨夜は家で映画を見ました。,I watched a movie at home last night.
有名,ゆうめい,famous,彼女は有名な歌手です。,She is a famous singer.
雪,ゆき,snow,雪が降っています。,It is snowing.
ゆっくりと,ゆっくりと,"slowly, at ease",彼はゆっくりと歩いた。,He walked slowly.
八日,ようか,eight days; eighth day of the month,今月の八日は日曜日です。,The eighth day of this month is Sunday.
洋服,ようふく,Western-style clothes,彼女は洋服を着ています。,She is wearing Western-style clothes.
よく,よく,"frequently, often (much); well, skillfully",彼はよく勉強します。,He studies often.
横,よこ,beside; side; width,机の横に本があります。,There is a book beside the desk.
四日,よっか,four days; fourth day of the month,四日後に会いましょう。,Let's meet four days later.
四つ,よっつ,four things,机の上に四つのペンがあります。,There are four pens on the desk.
呼ぶ,よぶ,to call (one's name); to invite,友達を呼んで一緒に行きましょう。,Call your friend and let's go together.
読む,よむ,to read,本を読むのが好きです。,I like to read books.
夜,よる,"evening, night",夜に星が輝いている。,The stars are shining at night.
弱い,よわい,weak,彼は弱い人ではありません。,He is not a weak person.
来月,らいげつ,next month,来月、日本に行きます。,I will go to Japan next month.
来週,らいしゅう,next week,来週から新しい仕事が始まります。,A new job will start from next week.
来年,らいねん,next year,来年の計画を立てよう。,Let's make plans for next year.
ラジオ,ラジオ,radio,毎朝ラジオを聞きます。,I listen to the radio every morning.
ラジオカセ,ラジオカセ,radio cassette player,部屋にラジオカセットプレーヤーがあります。,There is a radio cassette player in the room.
りっぱ,りっぱ,"splendid, fine",彼女はりっぱな家庭を持っている。,She has a splendid family.
留学生,りゅうがくせい,international student,留学生として日本に来ました。,I came to Japan as an international student.
両親,りょうしん,"parents (lit., both parents)",両親に感謝します。,I am grateful to my parents.
料理,りょうり,cooking; cuisine,彼は料理が得意です。,He is good at cooking.
旅行,りょこう,"travel, trip",新しい国へ旅行するのが楽しみです。,I am looking forward to traveling to a new country.
零,れい,"zero, nought",その問題には零の人数が正解した。,Zero people answered that question correctly.
冷蔵庫,れいぞうこ,refrigerator,食材は冷蔵庫に入れてください。,Please put the ingredients in the refrigerator.
レコード,レコード,record,彼は古いレコードを集めるのが趣味です。,Collecting old records is his hobby.
レストラン,レストラン,restaurant,今夜はレストランで食事をしましょう。,Let's have dinner at a restaurant tonight.
練習,れんしゅう (する),(to) practice,毎日練習することは大切です。,Practicing every day is important.
廊下,ろうか,corridor,廊下をまっすぐ進んでください。,Please walk straight down the corridor.
六,ろく,six,私の家には六人家族が住んでいます。,I live with a family of six in my house.
ワイシャツ,ワイシャツ,"shirt (lit: white shirt), business shirt",ビジネスシーンでワイシャツを着る。,Wear a business shirt in a business scene.
若い,わかい,young,彼は若いが、とても頭がいい。,He is young but very smart.
分かる,わかる,to understand,その問題の答えが分かりますか？,Do you understand the answer to that question?
忘れる,わすれる,to forget,大切なことを忘れないでください。,Please do not forget important things.
私,わたし,"I, myself",私は日本語を勉強しています。,I am studying Japanese.
私,わたくし,"I (formal), myself, private affairs",私は日本語を勉強しています。,I am studying Japanese.
渡す,わたす,to hand (something) over (v.t.); to get across,彼に手紙を渡してください。,Please hand the letter to him.
渡る,わたる,"to cross over, to go across",橋を渡って向こう側に行きます。,Cross the bridge and go to the other side.
悪い,わるい,"bad, sinful; inferior",悪いことをすると後悔します。,You will regret doing bad things.
六日,むいか,"sixth day, six days",明日は六日です。,Tomorrow is the sixth day.
